datetime,open,high,low,close,Volume,VWAP
2021-06-01,1483.8,1497.3,1476.1,1486.5,8624,1485.6798353432282
2021-06-02,1487.0,1494.4,1469.1,1481.8,10075,1483.8417667493798
2021-06-03,1487.3,1507.4,1484.0,1507.2,9690,1496.0295459236327
2021-06-04,1504.8,1510.6,1496.0,1506.2,9558,1505.5823394015486
2021-06-07,1507.9,1509.0,1473.0,1482.0,8312,1490.3662656400386
2021-06-08,1489.4,1498.3,1412.0,1422.6,10031,1474.895085235769
2021-06-09,1439.0,1473.0,1426.2,1463.5,11244,1450.8175293489862
2021-06-10,1460.5,1469.6,1438.0,1451.9,11284,1458.8885678837291
2021-06-11,1459.0,1494.7,1456.6,1488.0,11099,1476.5058203441752
2021-06-14,1494.3,1509.2,1485.9,1496.4,10615,1499.0031841733396
2021-06-15,1498.3,1504.9,1486.6,1488.2,10225,1495.6846063569683
2021-06-16,1490.9,1494.0,1461.5,1467.3,11389,1478.7696549301959
2021-06-17,1461.6,1472.5,1452.1,1469.9,9989,1462.3657823605968
2021-06-18,1469.8,1491.6,1469.0,1485.0,9956,1482.3494877460828
2021-06-21,1475.6,1486.9,1471.3,1474.9,9655,1480.2603521491455
2021-06-22,1484.4,1500.5,1483.4,1492.8,7919,1492.2824346508396
2021-06-23,1492.6,1504.0,1484.4,1488.8,8561,1494.045789043336
2021-06-24,1498.0,1502.6,1478.2,1484.8,8569,1491.5235616758082
2021-06-25,1496.3,1501.8,1484.2,1501.5,8629,1491.9804496465408
2021-06-28,1509.3,1525.0,1507.5,1524.7,10082,1515.827811942075
2021-06-29,1524.4,1535.2,1522.5,1528.8,8876,1528.9200991437585
2021-06-30,1534.0,1542.9,1528.1,1530.0,9082,1536.7528077515965
2021-07-01,1532.2,1546.0,1525.7,1544.8,8982,1536.3291360498777
2021-07-02,1551.5,1557.9,1547.1,1555.7,9054,1553.641904130771
2021-07-05,1560.2,1564.6,1533.5,1564.6,7644,1550.361656200942
2021-07-06,1566.0,1569.3,1520.0,1520.0,8446,1561.2251124792801
2021-07-07,1514.0,1536.6,1494.0,1535.2,15690,1511.045321861058
2021-07-08,1531.9,1537.9,1501.7,1513.9,10452,1525.2969575200918
2021-07-09,1509.8,1529.8,1480.0,1497.2,9569,1515.5676246211724
2021-07-12,1503.5,1503.5,1402.4,1445.4,10922,1452.3132668009523
2021-07-13,1441.5,1458.8,1416.0,1444.2,9188,1444.2925119721376
2021-07-14,1448.9,1450.8,1395.3,1416.1,9319,1427.0145938405408
2021-07-15,1410.5,1440.1,1403.1,1433.0,8774,1416.9810690677
2021-07-16,1435.5,1448.3,1434.4,1438.1,8167,1441.2754622260316
2021-07-19,1413.1,1415.0,1368.0,1369.6,8827,1397.3533476832447
2021-07-20,1373.9,1409.0,1359.1,1408.9,8369,1379.3325725893178
2021-07-21,1411.5,1417.5,1395.2,1402.0,7372,1410.0615029842647
2021-07-22,1404.8,1436.7,1402.1,1427.8,8460,1419.5247044917257
2021-07-23,1425.0,1430.0,1408.0,1408.9,8291,1421.5769388493547
2021-07-26,1397.0,1416.8,1383.0,1408.1,8075,1396.7197027863776
2021-07-27,1413.0,1426.0,1405.5,1407.0,9824,1418.343536237785
2021-07-28,1405.0,1417.7,1400.5,1405.9,7715,1410.1141672067401
2021-07-29,1416.5,1429.0,1414.0,1428.8,8764,1420.6964856230031
2021-07-30,1430.5,1445.9,1427.3,1445.8,8336,1435.8803982725528
2021-08-02,1446.7,1458.0,1442.7,1445.6,8098,1449.5646332427762
2021-08-03,1449.2,1468.5,1447.2,1468.4,9036,1456.33086542718
2021-08-04,1472.9,1480.9,1462.1,1470.6,8193,1474.1972781642867
2021-08-05,1468.5,1490.0,1466.1,1489.9,8671,1474.9585976242647
2021-08-06,1487.6,1490.8,1472.0,1472.9,7934,1485.639664734056
2021-08-09,1471.4,1503.2,1470.6,1501.0,6888,1479.7158826945413
2021-08-10,1503.0,1506.6,1485.8,1496.8,8328,1497.2173270893372
2021-08-11,1495.9,1505.1,1487.3,1489.0,8688,1498.7466850828728
2021-08-12,1486.8,1492.9,1473.0,1473.4,7497,1485.6493930905697
2021-08-13,1479.3,1483.0,1464.1,1481.9,8681,1475.3939407902317
2021-08-16,1485.5,1503.7,1485.5,1502.7,8314,1492.1669352898725
2021-08-17,1506.7,1507.2,1488.0,1493.5,6580,1500.0884498480243
2021-08-18,1494.4,1504.0,1485.2,1490.1,8353,1496.530515982282
2021-08-19,1493.3,1502.8,1484.6,1498.6,7766,1491.3125547257275
2021-08-20,1492.6,1493.2,1428.3,1448.4,8130,1475.8630873308734
2021-08-23,1444.4,1447.1,1409.1,1410.0,10480,1432.8864790076336
2021-08-24,1415.2,1427.2,1407.5,1418.1,9515,1416.7942932212295
2021-08-25,1418.2,1432.0,1410.0,1430.0,9388,1419.0631337878142
2021-08-26,1430.7,1432.0,1403.0,1411.9,8715,1424.4997131382675
2021-08-27,1408.0,1422.0,1390.5,1420.9,10023,1404.3173301406764
2021-08-30,1422.9,1435.3,1422.5,1431.7,8041,1427.1764954607636
2021-08-31,1433.5,1434.5,1421.1,1423.5,9562,1430.4955239489645
2021-09-01,1427.2,1434.7,1423.1,1427.0,10350,1429.3104154589373
2021-09-06,1434.0,1444.9,1431.9,1443.8,8681,1437.0997004953347
2021-09-07,1445.1,1449.7,1436.5,1440.3,7451,1444.506213931016
2021-09-08,1441.4,1442.0,1428.7,1431.5,8576,1437.3313549440297
2021-09-09,1430.5,1445.5,1430.0,1445.0,7492,1435.7089428723973
2021-09-10,1446.8,1452.9,1443.4,1447.6,6255,1447.6989928057553
2021-09-13,1445.0,1448.7,1437.2,1442.4,7273,1444.7990787845454
2021-09-14,1440.8,1445.1,1434.6,1435.7,6331,1441.13550781867
2021-09-15,1437.4,1450.6,1434.9,1448.8,6935,1440.536236481615
2021-09-16,1448.0,1453.1,1445.7,1452.0,6221,1450.1037293039706
2021-09-17,1444.2,1457.6,1443.7,1456.1,7350,1451.1984897959185
2021-09-20,1459.9,1466.6,1454.8,1455.7,7432,1461.968447255113
2021-09-21,1446.4,1447.3,1425.4,1438.3,10169,1437.0148195496115
2021-09-22,1441.0,1443.9,1433.9,1441.8,7257,1439.6456524734738
2021-09-23,1447.3,1455.5,1445.6,1449.1,7021,1450.0444666001993
2021-09-24,1454.7,1455.8,1446.1,1449.5,6690,1452.3717339312407
2021-09-27,1452.5,1454.4,1436.0,1436.9,7268,1448.091345624656
2021-09-28,1430.5,1453.9,1429.5,1452.9,8205,1437.7485435709934
2021-09-29,1448.9,1452.2,1433.4,1448.4,9511,1442.9555462096519
2021-09-30,1451.1,1458.3,1448.2,1451.8,8125,1452.8042953846154
2021-10-01,1441.2,1446.5,1436.3,1440.8,9672,1443.0824441687346
2021-10-04,1440.6,1444.7,1434.1,1439.8,7435,1439.5194889038332
2021-10-05,1438.0,1449.6,1438.0,1449.1,6989,1444.3658892545427
2021-10-06,1451.4,1453.4,1447.2,1451.4,6354,1451.0133931381806
2021-10-07,1457.6,1459.5,1452.9,1454.1,5745,1457.4669625761533
2021-10-08,1458.1,1474.0,1457.4,1473.5,6966,1463.3239018087856
2021-10-11,1475.9,1514.0,1475.5,1514.0,8190,1491.3727472527473
2021-10-12,1513.5,1514.0,1499.6,1503.7,8708,1507.8687643546164
2021-10-13,1513.2,1522.4,1502.1,1507.4,8777,1515.3093084197335
2021-10-14,1508.1,1514.0,1500.4,1503.4,8966,1507.0532902074503
2021-10-15,1510.0,1516.6,1500.5,1503.6,7340,1512.0714032697547
2021-10-18,1505.3,1521.8,1505.3,1510.6,8243,1513.552602207934
2021-10-19,1511.3,1513.3,1503.2,1507.8,9035,1508.4961151079137
2021-10-20,1512.2,1517.4,1485.0,1497.2,8112,1510.4130424063117
2021-10-21,1507.5,1509.5,1497.0,1498.2,8043,1503.9757180156657
2021-10-22,1495.4,1496.8,1485.5,1492.0,6823,1492.2848160633155
2021-10-25,1494.5,1495.0,1483.8,1486.0,8381,1488.4461758740008
2021-10-26,1477.5,1488.9,1468.2,1488.5,6419,1473.8277145972893
2021-10-27,1489.1,1525.7,1487.9,1523.7,8262,1506.3047083030742
2021-10-28,1523.8,1535.7,1517.4,1534.1,8681,1525.1368966708906
2021-10-29,1531.9,1539.8,1527.0,1534.8,9606,1533.5553820528837
2021-11-01,1534.9,1535.6,1518.2,1522.0,8550,1527.9443274853802
2021-11-02,1521.8,1528.1,1519.1,1523.5,8028,1523.583856502242
2021-11-03,1524.9,1538.3,1521.2,1528.8,8213,1529.0345062705467
2021-11-04,1530.2,1535.2,1523.3,1527.5,9195,1529.5105274605764
2021-11-05,1529.8,1539.5,1526.8,1538.0,6467,1530.604932735426
2021-11-08,1537.8,1545.3,1534.0,1536.7,8170,1539.2336107711137
2021-11-09,1539.0,1539.0,1521.4,1527.0,8188,1532.9966536394722
2021-11-10,1524.7,1534.7,1518.7,1529.6,7825,1525.389571884984
2021-11-11,1527.9,1529.9,1507.6,1515.3,9308,1520.777868500215
2021-11-12,1514.9,1530.3,1505.5,1527.9,6683,1514.2616938500673
2021-11-15,1532.7,1536.5,1522.4,1528.8,6844,1531.433869082408
2021-11-16,1527.2,1529.5,1515.0,1519.0,7787,1523.1023885963787
2021-11-17,1516.8,1523.2,1514.7,1521.6,5765,1518.3788031222898
2021-11-18,1521.6,1522.2,1507.5,1508.0,7035,1515.264221748401
2021-11-19,1506.0,1522.5,1489.0,1501.2,5759,1515.237141864907
2021-11-22,1503.1,1521.7,1498.5,1509.7,7774,1511.0803833290456
2021-11-23,1512.9,1526.9,1509.0,1525.1,6943,1515.3482212300157
2021-11-24,1532.1,1564.0,1529.7,1564.0,8887,1545.2426128052211
2021-11-25,1564.4,1574.3,1561.5,1565.0,9092,1567.8708864936207
2021-11-26,1566.5,1576.8,1553.6,1559.2,7715,1567.1627090084253
2021-11-29,1551.1,1551.9,1537.6,1549.0,8900,1545.251
2021-11-30,1555.1,1563.5,1533.3,1535.5,9365,1552.5817298451682
2021-12-01,1535.6,1548.0,1531.5,1548.0,9185,1539.7541643984757
2021-12-02,1549.8,1554.4,1539.6,1541.8,8141,1548.6125291733201
2021-12-03,1545.3,1547.9,1515.0,1516.1,7770,1541.7143114543114
2021-12-06,1508.9,1513.5,1467.4,1478.8,10533,1503.2446976170133
2021-12-07,1490.2,1510.5,1488.0,1508.1,9447,1497.4371123107865
2021-12-08,1515.4,1518.2,1508.8,1511.6,8920,1513.31682735426
2021-12-09,1513.0,1532.4,1510.1,1532.1,7804,1517.439492567914
2021-12-10,1530.7,1532.1,1513.1,1520.5,8721,1525.0218094255245
2021-12-13,1526.6,1527.2,1516.5,1520.1,8076,1523.2523031203566
2021-12-14,1524.0,1529.8,1513.6,1518.4,8190,1522.3489865689864
2021-12-15,1518.7,1526.4,1514.6,1523.5,7777,1520.1422527967084
2021-12-16,1525.6,1527.0,1489.9,1489.9,7930,1517.3863051702397
2021-12-17,1513.9,1524.1,1512.8,1522.5,7817,1516.76510170142
2021-12-20,1512.4,1517.5,1496.7,1505.0,8166,1509.5175116336027
2021-12-21,1511.4,1519.5,1509.0,1514.4,7514,1513.5963401650254
2021-12-22,1510.9,1512.4,1500.0,1505.7,4328,1506.8054297597043
2021-12-23,1506.9,1507.8,1476.0,1485.4,11042,1491.2990762543018
2021-12-24,1488.2,1511.5,1484.6,1508.4,9307,1494.0373804663157
2021-12-27,1513.0,1518.6,1501.8,1517.3,8500,1510.1336823529414
2021-12-28,1518.5,1524.3,1510.0,1520.5,8906,1518.03401077925
2021-12-29,1523.0,1526.0,1517.5,1520.4,7232,1522.2586283185842
2021-12-30,1518.7,1533.5,1518.2,1527.3,7495,1525.110353569046
2021-12-31,1527.6,1541.8,1527.3,1537.8,8229,1537.0217158828532
2022-01-04,1544.1,1562.9,1543.1,1558.8,7735,1554.4406205559146
2022-01-05,1558.4,1560.5,1548.3,1550.5,6411,1554.6732335049135
2022-01-06,1544.5,1556.9,1543.7,1547.4,7271,1549.4597854490441
2022-01-07,1547.6,1548.0,1533.5,1537.6,7314,1539.0840442986052
2022-01-10,1540.1,1540.3,1515.9,1516.1,8206,1531.5919692907628
2022-01-11,1514.2,1518.5,1499.7,1502.0,8767,1513.3779171894605
2022-01-12,1500.7,1525.5,1486.3,1525.2,10711,1501.5194286247781
2022-01-13,1530.5,1541.8,1522.6,1527.6,9474,1532.3591513616213
2022-01-14,1519.0,1532.1,1515.1,1523.0,9919,1524.0512047585441
2022-01-17,1522.5,1525.4,1479.1,1485.1,10286,1510.8463251020805
2022-01-18,1475.5,1489.4,1468.0,1482.0,9694,1482.1457808953992
2022-01-19,1482.5,1496.0,1477.1,1481.5,9649,1487.3947144781841
2022-01-20,1482.7,1495.8,1480.5,1494.0,8036,1484.8035340965653
2022-01-21,1493.1,1503.8,1490.9,1497.7,8490,1496.1426855123675
2022-01-24,1495.9,1495.9,1466.3,1468.7,9927,1483.8793089553742
2022-01-25,1468.5,1499.7,1465.2,1498.0,9863,1476.6852478961775
2022-01-26,1510.5,1524.9,1509.1,1519.3,9204,1517.3200890916992
2022-01-27,1513.2,1516.0,1499.1,1510.7,9486,1508.8383512544804
2022-01-28,1517.9,1534.2,1517.1,1529.0,10032,1526.6366925837322
2022-02-07,1543.7,1547.8,1530.0,1531.8,8599,1542.872938713804
2022-02-08,1532.4,1543.6,1527.8,1535.4,8765,1534.9748317170565
2022-02-09,1540.4,1555.3,1540.4,1544.7,8602,1549.6751336898396
2022-02-10,1543.6,1544.4,1528.6,1534.7,8560,1537.7709345794392
2022-02-11,1538.8,1545.6,1535.2,1542.0,8378,1539.150740033421
2022-02-14,1536.0,1536.0,1517.5,1517.7,9377,1527.0282819665138
2022-02-15,1511.5,1527.3,1511.0,1524.5,8048,1517.4727509940358
2022-02-16,1528.2,1532.3,1514.6,1521.2,8727,1522.0455826744587
2022-02-17,1522.3,1536.8,1521.3,1536.5,7953,1528.6901798063623
2022-02-18,1524.6,1527.8,1518.5,1524.7,7564,1523.5941433104176
2022-02-21,1523.4,1531.5,1521.3,1530.0,7463,1526.251654830497
2022-02-22,1518.0,1518.9,1501.4,1516.6,9057,1511.2782819918295
2022-02-23,1526.5,1534.9,1524.7,1529.6,7766,1530.3468065928407
2022-02-24,1519.5,1526.2,1503.0,1511.3,9304,1513.8233233018057
2022-02-25,1526.1,1529.8,1518.1,1518.4,6809,1525.173887501836
2022-02-28,1511.3,1518.5,1507.8,1514.8,8787,1512.7907249345624
2022-03-01,1518.0,1518.0,1512.3,1514.2,7325,1515.2770511945394
2022-03-02,1512.3,1513.0,1495.9,1497.5,9643,1505.2554184382454
2022-03-03,1508.7,1517.4,1503.0,1516.9,7730,1507.7969210866752
2022-03-04,1515.0,1517.4,1510.0,1514.4,7585,1514.4140013183915
2022-03-07,1496.2,1507.8,1496.0,1504.8,7722,1502.1320124320125
2022-03-08,1499.0,1499.3,1484.2,1485.7,8116,1494.3357072449483
2022-03-09,1493.8,1495.6,1486.2,1490.3,7909,1490.9878872170943
2022-03-10,1501.0,1501.9,1490.1,1491.0,7446,1498.0624227773303
2022-03-11,1486.6,1487.5,1471.3,1474.3,8180,1482.5621760391198
2022-03-14,1476.0,1476.0,1456.0,1465.5,9340,1465.5083725910063
2022-03-15,1461.5,1469.4,1458.0,1463.7,8539,1462.4912987469258
2022-03-16,1470.9,1474.8,1465.2,1471.4,7937,1469.517197933728
2022-03-17,1477.7,1478.8,1468.2,1470.9,7185,1474.778608211552
2022-03-18,1476.8,1483.4,1476.0,1479.2,6805,1479.6258927259366
2022-03-21,1479.9,1496.1,1479.5,1494.0,6722,1484.408479619161
2022-03-22,1498.9,1505.3,1494.1,1500.5,7696,1499.4950493762994
2022-03-23,1503.0,1510.2,1495.0,1497.8,8365,1503.1144769874477
2022-03-24,1495.4,1499.5,1491.0,1494.7,9302,1494.8819608686304
2022-03-25,1497.0,1497.0,1488.2,1493.0,8359,1492.6781313554252
2022-03-28,1490.2,1490.8,1475.5,1481.7,8683,1482.0910745134172
2022-03-29,1484.9,1493.5,1484.5,1492.3,7348,1489.6740881872618
2022-03-30,1489.5,1503.7,1486.2,1489.8,9745,1493.7475731144177
2022-03-31,1491.6,1499.0,1490.0,1495.8,7442,1495.5043805428647
2022-04-01,1493.1,1528.0,1492.2,1526.6,10100,1508.9043663366335
2022-04-04,1529.5,1537.3,1526.8,1530.1,8393,1531.693017991183
2022-04-05,1526.3,1532.7,1523.6,1525.7,8496,1527.555720338983
2022-04-06,1519.2,1550.2,1517.8,1542.3,9953,1534.7703606952678
2022-04-07,1543.1,1544.3,1529.9,1530.3,8820,1539.2198412698413
2022-04-08,1528.9,1535.2,1524.9,1525.5,8869,1529.7194497688579
2022-04-12,1524.2,1526.6,1507.6,1509.2,10855,1514.6828834638416
2022-04-13,1511.5,1521.0,1511.3,1519.1,9755,1515.9894720656075
2022-04-14,1522.4,1524.5,1509.4,1511.6,9181,1519.6126021130597
2022-04-15,1511.5,1517.3,1494.3,1497.0,9855,1509.551202435312
2022-04-18,1494.0,1494.4,1472.4,1478.6,12785,1483.2151583887369
2022-04-19,1476.7,1484.5,1449.1,1453.0,10673,1476.8441956338424
2022-04-20,1456.2,1457.7,1436.5,1438.6,10918,1450.3560542223852
2022-04-21,1443.6,1451.4,1424.5,1433.0,11797,1437.575959989828
2022-04-22,1441.7,1459.2,1435.0,1444.0,11349,1449.794422416072
2022-04-25,1442.7,1445.4,1346.0,1349.6,12406,1411.492600354667
2022-04-26,1356.0,1393.0,1327.2,1389.9,12263,1365.3908179075268
2022-04-27,1379.3,1405.5,1359.2,1400.5,13920,1373.7735057471264
2022-04-28,1399.3,1406.3,1388.1,1392.6,11797,1397.1012121725862
2022-04-29,1394.9,1420.7,1390.0,1410.6,10877,1406.4605957525052
2022-05-04,1408.1,1409.9,1384.6,1385.1,11275,1397.9529046563193
2022-05-05,1391.0,1403.3,1372.8,1399.5,10873,1386.8423158281983
2022-05-06,1382.1,1396.3,1359.4,1361.9,12213,1382.5141734217639
2022-05-09,1353.1,1355.8,1301.0,1305.5,10777,1337.3240048250905
2022-05-10,1298.0,1340.9,1291.2,1336.7,11215,1316.3386714222024
2022-05-11,1334.4,1347.7,1318.4,1342.5,10722,1332.3147920164147
2022-05-12,1333.5,1334.0,1262.6,1270.9,11583,1311.3833031166366
2022-05-13,1273.7,1287.0,1216.3,1224.4,11159,1270.1087283806794
2022-05-16,1238.1,1261.2,1213.9,1215.2,10751,1245.6321458468979
2022-05-17,1219.7,1282.6,1204.9,1278.5,10120,1232.4914328063242
2022-05-18,1280.3,1304.1,1265.8,1280.2,10492,1282.799542508578
2022-05-19,1256.8,1291.7,1253.0,1283.9,9943,1273.6594086291864
2022-05-20,1283.5,1298.9,1260.0,1267.0,8546,1285.229077931196
2022-05-23,1288.2,1288.6,1238.8,1249.5,10965,1271.9482717738258
2022-05-24,1253.1,1270.5,1234.2,1265.2,9242,1254.0247349058645
2022-05-25,1274.8,1305.8,1268.7,1300.3,9611,1283.7766517531995
2022-05-26,1302.1,1310.0,1292.6,1300.7,9477,1301.7222538778094
2022-05-27,1306.5,1328.3,1305.1,1321.4,9199,1315.2215566909447
2022-05-30,1329.5,1330.4,1319.7,1325.5,8674,1324.692540926908
2022-05-31,1326.1,1326.4,1310.8,1318.7,8359,1319.5504246919488
2022-06-01,1319.0,1337.4,1316.0,1326.4,9405,1325.8344178628388
2022-06-02,1323.6,1326.6,1313.1,1316.9,3641,1321.7680307607802
2022-06-03,1317.9,1321.9,1305.8,1318.9,9311,1313.8031038556546
2022-06-06,1320.6,1331.7,1318.1,1320.2,9541,1324.85502567865
2022-06-07,1314.7,1315.5,1293.5,1309.3,11006,1303.9709249500272
2022-06-08,1320.3,1342.0,1320.0,1328.0,8683,1328.8438558102036
2022-06-09,1332.8,1338.9,1327.7,1337.0,9302,1332.6650182756396
2022-06-10,1328.3,1333.7,1316.8,1317.0,8891,1328.707906872118
2022-06-13,1284.9,1289.7,1258.1,1262.6,10287,1277.0799455623603
2022-06-14,1254.5,1272.3,1250.0,1262.4,8385,1259.5450208706022
2022-06-15,1268.2,1270.2,1235.6,1251.2,9438,1257.763752913753
2022-06-16,1260.9,1286.5,1260.8,1286.5,10632,1272.1953724604966
2022-06-17,1247.0,1248.7,1215.5,1238.4,10873,1229.142812471259
2022-06-20,1244.4,1249.4,1217.2,1224.0,10669,1236.5646546068049
2022-06-21,1216.6,1240.0,1210.5,1224.8,11375,1227.2912175824176
2022-06-22,1233.9,1240.8,1220.7,1224.2,11576,1233.3521855563235
2022-06-23,1222.1,1230.3,1216.5,1229.6,10418,1222.4028796314071
2022-06-24,1236.2,1237.8,1226.6,1227.0,9778,1234.55659644099
2022-06-27,1236.1,1245.8,1234.1,1245.0,10169,1238.6281443603107
2022-06-28,1246.1,1266.2,1242.7,1262.2,8727,1250.543840953363
2022-06-29,1255.5,1262.8,1251.1,1259.0,9904,1257.610339256866
2022-06-30,1261.9,1264.5,1246.0,1247.0,9534,1259.1193832599117
2022-07-01,1240.7,1243.4,1221.6,1239.0,10453,1233.470343442074
2022-07-04,1247.1,1252.0,1238.1,1242.2,9779,1247.3917476224563
2022-07-05,1248.4,1251.8,1234.7,1235.0,9655,1244.7790056965305
2022-07-06,1234.4,1234.4,1214.1,1214.5,10370,1227.656837029894
2022-07-07,1215.3,1225.9,1213.1,1223.8,9620,1219.3629625779624
2022-07-08,1231.0,1231.3,1223.7,1224.7,9058,1228.6153234709648
2022-07-11,1221.5,1221.8,1198.0,1199.4,9437,1214.1229734025644
2022-07-12,1202.5,1215.8,1202.2,1215.5,9586,1207.8113394533696
2022-07-13,1214.9,1220.0,1209.6,1211.8,9156,1214.385517693316
2022-07-14,1206.5,1217.3,1204.6,1216.1,8903,1209.3233292148714
2022-07-15,1218.5,1221.5,1209.5,1212.5,9246,1217.43534501406
2022-07-18,1218.1,1221.0,1212.6,1214.2,7580,1218.0408179419526
2022-07-19,1213.8,1216.2,1208.1,1212.8,7204,1212.3599528039977
2022-07-20,1223.2,1230.5,1221.4,1226.1,7946,1225.8165617920968
2022-07-21,1225.2,1241.9,1225.2,1233.6,8344,1233.4187679769893
2022-07-22,1230.4,1234.0,1223.5,1224.4,8757,1229.315895854745
2022-07-25,1222.4,1224.6,1217.2,1220.2,8926,1221.525890656509
2022-07-26,1222.7,1225.5,1217.5,1219.5,8104,1222.918324284304
2022-07-27,1216.2,1219.6,1213.1,1219.3,8966,1215.5646442114655
2022-07-28,1228.9,1237.2,1228.5,1232.1,7583,1232.7854674930766
2022-07-29,1236.6,1236.9,1229.2,1230.5,8084,1233.120620979713
2022-08-01,1232.3,1245.9,1231.1,1244.2,9434,1239.191329234683
2022-08-02,1245.0,1249.4,1238.3,1246.1,8645,1242.040913823019
2022-08-03,1245.3,1252.8,1242.4,1250.7,9602,1245.8125182253698
2022-08-04,1255.6,1259.8,1252.2,1256.7,9954,1256.1383463934096
2022-08-05,1258.9,1262.2,1254.9,1260.7,7946,1257.4313616914171
2022-08-08,1263.0,1267.5,1261.4,1267.3,8337,1264.1926832193835
2022-08-09,1265.0,1275.1,1264.7,1272.5,7980,1270.2317293233082
2022-08-10,1270.9,1273.7,1268.7,1270.6,7499,1271.5961461528204
2022-08-11,1283.0,1287.7,1269.0,1270.5,9704,1282.556636438582
2022-08-12,1267.6,1276.8,1266.4,1276.1,9205,1270.3337642585552
2022-08-15,1285.5,1294.5,1284.8,1293.7,9919,1289.9239237826393
2022-08-16,1296.5,1297.3,1291.5,1295.5,8942,1293.9351040035785
2022-08-17,1299.5,1311.2,1298.6,1310.7,9522,1304.6461562696911
2022-08-18,1307.0,1312.8,1304.7,1305.2,6981,1308.3618536026356
2022-08-19,1292.0,1292.0,1276.3,1278.2,8713,1286.6998507976587
2022-08-22,1275.1,1278.9,1270.3,1274.6,9758,1274.967882762861
2022-08-23,1265.5,1278.3,1264.4,1277.7,9151,1267.7179761774669
2022-08-24,1282.3,1287.8,1278.4,1287.5,9365,1282.805018686599
2022-08-25,1287.3,1304.3,1287.2,1302.3,10102,1293.234240744407
2022-08-26,1305.7,1305.9,1290.2,1293.3,10161,1299.5526719811041
2022-08-29,1270.3,1285.3,1264.7,1284.8,10693,1271.4142990741607
2022-08-30,1288.6,1295.6,1280.6,1289.2,11476,1289.0328860230045
2022-08-31,1282.1,1298.0,1278.0,1294.1,9412,1284.8391308967275
2022-09-05,1294.3,1298.1,1282.8,1288.3,9239,1290.6782011040157
2022-09-06,1287.9,1295.7,1286.9,1291.6,9367,1291.7599124586313
2022-09-07,1284.0,1286.4,1269.0,1269.0,10301,1282.6207746820696
2022-09-08,1269.3,1275.4,1263.4,1265.9,10325,1269.3038934624697
2022-09-09,1268.7,1273.0,1260.1,1271.3,9773,1268.0510488079403
2022-09-12,1280.6,1283.2,1275.1,1277.3,8166,1280.4407910849866
2022-09-13,1278.3,1278.7,1272.3,1277.6,8151,1276.4617715617717
2022-09-14,1251.7,1261.9,1250.0,1258.4,8504,1253.978739416745
2022-09-15,1260.6,1263.5,1256.7,1262.1,7211,1260.7408126473442
2022-09-16,1254.3,1254.3,1233.3,1233.9,7778,1249.3885831833377
2022-09-19,1238.9,1238.9,1218.0,1224.1,11450,1231.0036244541484
2022-09-20,1227.6,1235.3,1222.0,1232.5,9148,1227.4147135986009
2022-09-21,1227.3,1228.7,1213.9,1217.8,12009,1221.4893163460738
2022-09-22,1207.8,1222.3,1204.0,1220.0,10567,1209.925352512539
2022-09-23,1222.0,1223.0,1204.4,1209.7,10026,1215.6235288250548
2022-09-26,1198.6,1198.7,1173.7,1189.5,12646,1188.1895540091728
2022-09-27,1190.6,1196.0,1183.2,1187.0,9686,1190.1271835639068
2022-09-28,1173.9,1177.9,1161.7,1168.5,11993,1170.0541982823313
2022-09-29,1176.0,1176.6,1153.6,1154.0,10195,1169.8576851397743
2022-09-30,1143.3,1164.3,1137.0,1161.6,12457,1147.8749056755237
2022-10-03,1145.5,1147.0,1097.0,1104.1,11615,1126.4820146362463
2022-10-04,1112.6,1124.6,1094.5,1101.5,11178,1112.3046251565574
2022-10-05,1113.3,1133.9,1113.3,1121.1,10906,1122.2019897304237
2022-10-06,1118.2,1119.0,1080.2,1083.0,10804,1102.472389855609
2022-10-07,1066.5,1066.5,1025.5,1030.0,11431,1042.8491470562506
2022-10-10,1010.9,1049.7,1008.2,1040.0,12760,1029.7951645768026
2022-10-11,1024.5,1026.5,980.0,985.2,11801,1003.9123040420303
2022-10-12,996.8,1038.9,995.1,1020.3,11394,1022.8376952782165
2022-10-13,1027.8,1028.7,1004.6,1027.0,11461,1017.6350754733444
2022-10-14,1061.9,1063.8,1044.2,1052.4,9871,1053.6495289231082
2022-10-17,1035.8,1040.7,1017.4,1038.9,9555,1027.5415279958138
2022-10-18,1055.7,1069.4,1049.2,1051.3,9077,1060.1533766662994
2022-10-19,1058.9,1059.0,1045.9,1055.5,8994,1051.429386257505
2022-10-20,1044.8,1059.3,1040.0,1058.0,8574,1051.1388733379986
2022-10-21,1038.0,1038.3,982.6,988.7,9951,1008.4555622550498
2022-10-24,996.0,996.0,931.0,950.0,11482,969.7425187249607
2022-10-25,939.3,984.6,933.0,954.9,9988,957.7679415298358
2022-10-26,968.9,976.4,955.3,968.3,10436,964.7109524722116
2022-10-27,976.5,1022.0,972.5,1021.4,10087,992.6587885397045
2022-10-28,1027.4,1036.8,1013.6,1021.5,9213,1025.0414631498968
2022-10-31,1022.2,1025.5,984.5,1014.0,10810,1001.2433302497687
2022-11-01,1031.5,1046.6,1022.1,1023.9,10241,1036.1265013182306
2022-11-02,1017.0,1028.4,1005.6,1020.5,10447,1019.4427969752082
2022-11-03,1009.1,1023.8,1005.6,1009.2,9649,1015.1789615504198
2022-11-04,996.0,996.1,958.6,981.7,9972,973.8893100681909
2022-11-07,981.0,990.8,957.7,958.0,9410,976.4472688629119
2022-11-08,945.5,984.7,940.3,970.1,9436,956.9687473505722
2022-11-09,978.2,987.4,956.3,963.3,9292,977.443456736978
2022-11-10,951.1,959.3,906.5,913.4,8626,943.9834569904938
2022-11-11,932.7,959.5,931.5,938.4,8356,946.3882000957395
2022-11-14,934.1,937.3,912.7,935.7,9860,924.9584888438133
2022-11-15,925.2,925.2,885.1,896.8,7497,906.3346271842071
2022-11-16,877.0,957.6,860.8,946.5,9918,895.520064529139
2022-11-17,953.8,973.0,950.2,973.0,7437,959.3613957240823
2022-11-18,961.0,974.9,938.5,960.0,8407,955.7221363149756
2022-11-21,969.1,970.7,940.2,943.5,9255,954.2695948136143
2022-11-22,932.5,987.0,928.6,931.0,8817,948.0578087784961
2022-11-23,932.5,947.3,916.1,918.4,8417,935.3293334917429
2022-11-24,921.3,938.3,918.2,936.9,6797,926.0095777548918
2022-11-25,946.1,966.9,946.0,966.0,8700,952.3615402298851
2022-11-28,975.9,1008.0,972.4,996.0,10045,987.0990741662517
2022-11-29,993.4,1008.0,986.8,1006.5,9522,997.4650388573829
2022-11-30,1020.2,1031.0,1010.1,1028.9,8125,1018.95648
2022-12-01,1040.6,1059.4,1030.2,1037.9,9659,1044.0797391034268
2022-12-02,1028.5,1095.9,1025.2,1095.9,9945,1039.679014580191
2022-12-05,1108.8,1125.2,1086.7,1097.5,9357,1101.3207972640803
2022-12-06,1102.0,1102.5,1051.3,1051.9,8749,1084.5434221053836
2022-12-07,1041.0,1062.0,1034.6,1041.8,8755,1049.4602055968019
2022-12-08,1052.6,1101.1,1051.7,1065.0,8581,1076.3020860039621
2022-12-09,1058.7,1083.4,1047.4,1071.4,10203,1063.57077330197
2022-12-12,1069.1,1074.3,1038.0,1040.7,10473,1063.5491645182851
2022-12-13,1039.0,1056.1,1026.6,1056.1,7973,1037.1413520632134
2022-12-14,1067.7,1071.0,1050.0,1053.5,7805,1059.1853042921205
2022-12-15,1059.6,1078.6,1057.2,1065.3,6572,1067.9116555082167
2022-12-16,1059.1,1075.9,1054.6,1060.5,7424,1065.8543372844827
2022-12-19,1056.5,1075.9,1051.0,1051.0,7623,1062.9933097205824
2022-12-20,1041.3,1043.6,1007.6,1027.3,7986,1026.540683696469
2022-12-21,1030.4,1038.8,1009.5,1026.5,8711,1029.0538514521868
2022-12-22,1044.0,1045.3,1026.3,1039.6,8421,1036.6402327514547
2022-12-23,1031.9,1044.0,1016.6,1044.0,7029,1025.398235879926
2022-12-26,1030.5,1031.8,992.6,993.6,7812,1015.3991807475679
2022-12-27,989.7,1010.0,983.7,1010.0,7583,993.0467888698404
2022-12-28,998.1,1017.7,991.3,1009.0,8977,1000.4597192826111
2022-12-29,1002.9,1013.9,1000.1,1002.0,6832,1006.5936914519906
2022-12-30,997.0,1010.2,995.3,998.9,6779,1002.4577961351232
2023-01-03,1000.7,1038.0,1000.7,1037.5,8573,1015.6890120144641
2023-01-04,1046.5,1054.0,1039.0,1043.5,8429,1046.0512872226836
2023-01-05,1044.2,1061.0,1043.6,1054.2,8022,1049.751009723261
2023-01-06,1053.4,1067.0,1046.7,1049.1,7785,1058.4447013487477
2023-01-09,1058.1,1063.6,1050.2,1050.2,8150,1058.064134969325
2023-01-10,1051.5,1061.9,1047.5,1055.5,7767,1053.8933050083688
2023-01-11,1062.0,1073.0,1060.8,1063.2,8659,1066.7025984524773
2023-01-12,1066.9,1068.9,1056.4,1059.7,7555,1063.1990999338186
2023-01-13,1071.1,1075.5,1062.5,1066.0,7809,1070.6789089512101
2023-01-16,1071.5,1075.2,1064.2,1073.7,8174,1069.7024834842182
2023-01-17,1081.0,1106.6,1078.5,1106.0,8943,1087.0451638152745
2023-01-18,1105.0,1121.2,1104.3,1118.2,8831,1112.253583965576
2023-01-19,1114.0,1123.9,1112.9,1121.0,6562,1118.9703748857055
2023-01-27,1138.0,1145.4,1124.0,1124.9,7724,1139.2139694458829
2023-01-30,1125.5,1129.0,1112.4,1113.0,7493,1123.5167623114908
2023-01-31,1108.5,1125.3,1097.6,1125.3,7281,1105.3802911687956
2023-02-01,1129.8,1130.5,1085.6,1089.1,7894,1117.3527489232329
2023-02-02,1090.3,1101.0,1078.0,1090.3,7550,1091.0778145695365
2023-02-03,1093.4,1093.4,1080.1,1084.0,7608,1088.1209253417455
2023-02-06,1077.3,1094.7,1068.5,1091.2,8360,1077.1347009569376
2023-02-07,1091.3,1093.5,1063.6,1063.6,8154,1085.3317022320332
2023-02-08,1069.8,1083.0,1065.9,1073.2,7731,1072.5534083559696
2023-02-09,1069.8,1076.8,1060.2,1062.0,7652,1067.7773131207528
2023-02-10,1056.5,1058.9,1044.1,1046.2,7506,1055.6649480415667
2023-02-13,1042.0,1045.7,1021.8,1031.0,8484,1036.1267444601604
2023-02-14,1040.5,1040.8,1027.4,1031.2,7748,1035.3201084150749
2023-02-15,1030.9,1050.0,1027.7,1036.7,7984,1039.6277054108216
2023-02-16,1041.4,1053.5,1039.0,1052.5,6347,1044.778887663463
2023-02-17,1051.5,1052.4,1041.1,1046.2,7129,1046.8939402440735
2023-02-20,1050.1,1088.6,1050.1,1088.6,8160,1063.0146200980394
2023-02-21,1088.0,1092.5,1077.0,1077.2,7563,1086.181806161576
2023-02-22,1064.8,1070.2,1056.5,1056.5,7344,1064.919975490196
2023-02-23,1045.2,1047.4,1025.2,1044.2,7926,1037.953078475902
2023-02-24,1045.2,1047.3,1017.5,1032.0,8054,1035.7954308418177
2023-02-27,1017.1,1019.7,1003.1,1007.0,8639,1010.1896863062854
2023-02-28,1014.3,1022.6,1006.9,1009.5,7109,1016.8774792516529
2023-03-01,1004.0,1034.4,998.3,1032.5,8040,1013.7832462686567
2023-03-02,1031.2,1035.6,1020.6,1024.7,7260,1028.848429752066
2023-03-03,1028.1,1032.0,1008.0,1008.0,8110,1022.1857213316893
2023-03-06,1013.3,1035.4,1010.6,1010.8,9776,1027.125593289689
2023-03-07,1019.1,1040.1,1018.7,1020.0,7992,1028.1410785785786
2023-03-08,1017.8,1034.0,1013.6,1034.0,7929,1019.3309875141885
2023-03-09,1042.5,1056.7,1036.1,1052.1,8125,1040.9220061538463
2023-03-10,1042.7,1045.7,1033.3,1039.5,7999,1040.4849606200776
2023-03-13,1043.8,1054.4,1043.8,1048.0,7782,1048.8633770239012
2023-03-14,1043.6,1047.2,1033.0,1035.4,7166,1041.1659084566006
2023-03-15,1052.0,1068.4,1052.0,1065.3,7583,1059.9822893313992
2023-03-16,1059.0,1059.1,1042.0,1042.8,6166,1053.2240188128446
2023-03-17,1056.4,1057.5,1041.7,1043.2,6877,1050.7243420095972
2023-03-20,1039.2,1040.0,1017.5,1022.4,7912,1029.3237234580383
2023-03-21,1027.9,1031.1,1013.2,1029.2,6898,1023.1572484778197
2023-03-22,1038.0,1041.5,1030.8,1035.6,7272,1035.6194169416942
2023-03-23,1027.2,1039.3,1027.2,1038.0,7548,1031.956743508214
2023-03-24,1041.2,1054.0,1041.2,1046.0,7726,1046.2300543618949
2023-03-27,1045.5,1052.3,1040.6,1047.6,7771,1046.6263672629004
2023-03-28,1052.5,1059.7,1050.5,1051.0,7629,1056.0799449469132
2023-03-29,1049.2,1054.0,1048.7,1050.8,7035,1051.3017199715707
2023-03-30,1061.0,1067.2,1061.0,1063.8,8614,1064.5804156025074
2023-03-31,1064.7,1075.4,1064.7,1069.8,7669,1070.6496674925022
2023-04-03,1081.3,1082.2,1077.0,1081.2,8892,1079.5876518218624
2023-04-04,1085.1,1085.2,1078.3,1082.5,6731,1080.7477937899273
2023-04-05,1081.4,1081.4,1077.5,1081.0,6112,1079.1418684554974
2023-04-06,1083.9,1086.4,1079.1,1079.6,5941,1084.002137687258
2023-04-07,1075.0,1075.0,1068.2,1073.0,6843,1071.9851965512203
2023-04-10,1075.6,1079.5,1070.8,1072.5,6471,1076.75634368722
2023-04-11,1069.5,1078.2,1065.3,1077.5,6009,1069.7118655350307
2023-04-12,1077.4,1077.9,1071.3,1073.3,6934,1075.1733342947794
2023-04-13,1074.1,1075.0,1069.9,1071.7,5782,1073.035368384642
2023-04-14,1071.8,1074.7,1065.4,1065.4,7132,1071.1082865956253
2023-04-17,1063.4,1064.5,1058.0,1062.8,7713,1061.899222092571
2023-04-18,1065.3,1065.4,1060.1,1062.7,7328,1062.5827510917031
2023-04-19,1062.8,1063.6,1054.7,1054.9,6746,1061.6382448858583
2023-04-20,1054.7,1055.3,1048.8,1054.0,5271,1053.0246253082905
2023-04-21,1047.2,1047.4,1040.7,1042.0,6431,1045.5116311615611
2023-04-24,1038.5,1046.8,1036.9,1042.1,8832,1041.789458786232
2023-04-25,1042.6,1044.2,1030.7,1031.3,7272,1040.0832370737073
2023-04-26,1029.2,1036.4,1025.8,1036.4,7786,1029.7926663241717
2023-04-27,1036.5,1039.0,1032.6,1034.9,7122,1035.8077365908453
2023-04-28,1038.9,1042.9,1037.5,1042.7,7598,1039.3096209528824
2023-05-04,1042.0,1042.4,1031.3,1031.8,7386,1036.6088952071486
2023-05-05,1032.4,1035.9,1030.6,1034.7,6773,1033.0419311974015
2023-05-08,1037.9,1042.4,1036.4,1041.9,6517,1039.1613625901489
2023-05-09,1041.8,1045.9,1041.1,1042.0,6792,1043.415694935218
2023-05-10,1042.3,1052.0,1042.3,1051.5,7312,1047.0172456236323
2023-05-11,1051.9,1054.8,1050.6,1050.9,6809,1052.8533411661037
2023-05-12,1050.6,1062.0,1048.4,1062.0,8941,1052.4911419304328
2023-05-15,1067.0,1071.7,1065.9,1066.3,9167,1069.2702956256137
2023-05-16,1065.5,1069.3,1064.6,1066.8,6939,1066.8587692751116
2023-05-17,1066.2,1074.5,1065.9,1066.4,7986,1069.548810418232
2023-05-18,1066.8,1076.2,1066.7,1074.6,7620,1070.38219160105
2023-05-19,1064.7,1064.7,1053.0,1062.4,8927,1058.6492774728351
2023-05-22,1063.0,1067.9,1060.7,1066.1,7683,1063.566536509176
2023-05-23,1067.2,1070.5,1056.1,1058.1,7450,1065.5157583892617
2023-05-24,1061.9,1063.9,1054.8,1056.0,8413,1059.757530013075
2023-05-25,1053.9,1059.2,1052.8,1058.1,8173,1055.6997552918144
2023-05-26,1057.5,1058.9,1054.3,1056.7,6860,1056.4959037900876
2023-05-29,1059.8,1068.5,1059.7,1067.8,7798,1062.979840984868
2023-05-30,1069.3,1070.6,1064.4,1067.6,7105,1067.2377058409572
2023-05-31,1067.6,1068.5,1059.3,1062.6,7461,1064.8002278514944
2023-06-01,1061.8,1062.6,1056.7,1062.2,8846,1059.4122428216142
2023-06-02,1069.4,1084.5,1068.5,1081.5,10917,1077.3367408628744
2023-06-05,1082.6,1091.4,1082.6,1086.7,9653,1087.6129389826997
2023-06-06,1085.3,1096.4,1084.1,1095.2,8128,1088.7953371062993
2023-06-07,1099.0,1100.2,1093.3,1098.6,8808,1096.3699704813805
2023-06-08,1098.9,1100.4,1089.3,1090.2,7743,1096.1821516208188
2023-06-09,1089.3,1094.2,1087.3,1093.7,6882,1090.3915431560592
2023-06-12,1098.1,1109.0,1091.2,1106.7,8417,1095.017856718546
2023-06-13,1109.2,1116.0,1106.6,1114.0,9164,1109.6672632038412
2023-06-14,1115.6,1123.5,1115.2,1116.8,9350,1118.0786203208556
2023-06-15,1110.0,1117.5,1108.5,1109.5,7721,1112.9726848853775
2023-06-16,1104.2,1122.5,1101.4,1102.0,9979,1114.0571600360759
2023-06-19,1100.2,1104.0,1094.7,1095.5,9003,1100.2501832722426
2023-06-20,1095.8,1097.5,1090.5,1096.7,8551,1095.3283826453046
2023-06-21,1100.8,1106.5,1096.0,1105.6,8538,1100.0939915671117
2023-06-22,1115.5,1120.4,1112.0,1112.1,7850,1114.9329936305733
2023-06-23,1114.5,1122.4,1112.7,1119.1,9483,1117.144679953601
2023-06-26,1118.1,1124.1,1111.7,1121.0,10376,1116.1325173477255
2023-06-27,1124.9,1125.8,1121.0,1124.2,7266,1123.7721304706854
2023-06-28,1127.2,1135.0,1126.9,1135.0,6112,1128.6209587696335
2023-06-29,1132.1,1132.4,1118.3,1118.4,7794,1126.698473184501
2023-06-30,1116.1,1119.9,1114.6,1118.7,7277,1117.093953552288
2023-07-03,1121.0,1122.2,1116.2,1117.2,7645,1118.6477436232833
2023-07-04,1115.9,1126.0,1113.6,1125.5,8323,1118.2269013576836
2023-07-05,1122.7,1129.7,1122.7,1124.6,6872,1125.210681024447
2023-07-06,1122.7,1124.0,1111.6,1115.0,7754,1120.4136961568224
2023-07-07,1114.1,1125.0,1113.7,1124.5,8224,1117.2305690661478
2023-07-10,1126.1,1135.6,1126.1,1135.5,8618,1129.6650614991877
2023-07-11,1139.2,1144.5,1136.5,1139.0,8289,1141.0462299432982
2023-07-12,1139.5,1143.2,1135.2,1137.0,8300,1140.1112771084338
2023-07-13,1146.3,1153.0,1146.3,1150.1,9113,1149.7552507407001
2023-07-14,1158.3,1158.3,1144.6,1153.2,8334,1153.1283897288217
2023-07-17,1161.0,1166.3,1159.3,1164.5,7771,1162.8832196628491
2023-07-18,1161.9,1164.6,1158.0,1163.2,8632,1161.733561167748
2023-07-19,1167.8,1170.0,1166.0,1167.3,7732,1167.8565830315572
2023-07-20,1163.5,1165.3,1159.3,1164.2,6241,1162.056801794584
2023-07-21,1164.7,1177.5,1162.6,1176.1,7473,1166.5570587448146
2023-07-24,1185.1,1192.5,1182.0,1192.5,8207,1186.5846106981846
2023-07-25,1193.3,1198.2,1190.3,1195.4,8913,1194.268674969146
2023-07-26,1193.6,1196.4,1192.3,1196.0,7464,1193.9704448017148
2023-07-27,1197.9,1199.5,1190.1,1197.0,8291,1195.6357857918226
2023-07-28,1191.7,1208.9,1191.2,1207.7,8173,1198.4327174843997
2023-07-31,1213.9,1230.9,1213.8,1230.2,9045,1217.6202653399669
2023-08-01,1235.2,1241.9,1226.0,1226.4,8813,1237.0906842164982
2023-08-02,1221.1,1228.7,1218.2,1219.6,8750,1222.1624
2023-08-03,1216.5,1223.7,1205.2,1207.6,8659,1218.209920314124
2023-08-04,1211.7,1234.9,1211.7,1234.2,8787,1220.0423807898032
2023-08-07,1237.8,1246.8,1235.7,1246.8,9892,1241.3687929640114
2023-08-08,1254.2,1254.9,1241.6,1243.7,9869,1249.397487080758
2023-08-09,1247.5,1248.8,1234.3,1239.3,9797,1242.094814739206
2023-08-10,1237.7,1242.2,1224.6,1227.6,10080,1235.6312301587302
2023-08-11,1229.9,1241.8,1222.4,1240.8,9377,1230.2774234829903
2023-08-14,1242.5,1245.9,1235.3,1241.8,10792,1240.3989714603408
2023-08-15,1240.6,1241.8,1235.8,1240.2,8884,1238.5324853669517
2023-08-16,1245.3,1259.8,1243.5,1258.0,9031,1250.21109511682
2023-08-17,1252.6,1261.7,1252.6,1253.9,8426,1255.9031924994067
2023-08-18,1238.2,1240.5,1180.0,1184.0,10404,1226.2289311803154
2023-08-21,1185.3,1202.7,1182.2,1193.2,11867,1191.3579758995534
2023-08-22,1193.4,1199.0,1161.4,1194.8,11132,1181.435995328782
2023-08-23,1201.9,1204.6,1174.5,1181.9,10068,1192.3866011124355
2023-08-24,1183.8,1204.9,1180.3,1201.1,10051,1190.670211919212
2023-08-25,1196.9,1199.5,1188.4,1196.0,9836,1194.1689406262708
2023-08-28,1202.0,1214.2,1198.3,1213.9,9237,1203.7629208617516
2023-08-29,1213.8,1216.2,1205.2,1212.0,8636,1210.162100509495
2023-08-30,1214.0,1225.4,1212.1,1225.1,8704,1216.288591452206
2023-08-31,1223.5,1235.3,1223.3,1231.0,7852,1229.8036423841058
2023-09-05,1237.5,1246.3,1236.9,1241.8,8671,1242.7589320724253
2023-09-06,1240.9,1257.5,1237.7,1257.1,10003,1242.5540537838647
2023-09-07,1262.8,1265.5,1248.6,1254.7,9337,1258.8457106136875
2023-09-08,1255.0,1259.2,1248.3,1253.5,8893,1255.5268076014843
2023-09-11,1259.1,1261.8,1217.0,1226.0,9097,1249.3474552050127
2023-09-12,1232.1,1255.6,1228.4,1253.2,8983,1237.091417121229
2023-09-13,1258.1,1260.6,1236.1,1241.8,9744,1252.5651990968802
2023-09-14,1245.9,1251.6,1227.1,1233.0,9280,1243.4353556034482
2023-09-15,1239.1,1244.8,1233.8,1239.6,9811,1239.7918662725513
2023-09-18,1235.0,1236.0,1213.0,1218.8,11014,1224.7783639004904
2023-09-19,1225.3,1229.4,1213.8,1226.6,9663,1220.888719859257
2023-09-20,1222.8,1236.6,1221.7,1235.5,9355,1226.6336504543026
2023-09-21,1230.0,1232.2,1217.1,1221.0,6755,1226.8120651369356
2023-09-22,1200.7,1201.3,1176.3,1196.1,11330,1189.4956751985878
2023-09-25,1186.4,1195.5,1162.5,1164.2,9578,1189.0809981206933
2023-09-26,1162.3,1175.3,1154.5,1160.1,11253,1165.5840309250866
2023-09-27,1153.5,1164.2,1146.0,1160.6,10065,1154.1128166915053
2023-09-28,1164.3,1166.4,1139.0,1158.1,9705,1153.7160638845955
2023-09-29,1165.8,1173.1,1163.8,1167.1,10402,1168.2314843299366
2023-10-02,1163.0,1171.7,1158.1,1163.3,9005,1164.9128595224877
2023-10-03,1158.4,1158.4,1128.0,1134.0,9978,1142.6478653036681
2023-10-04,1121.5,1143.5,1116.2,1136.5,9605,1130.4496199895887
2023-10-05,1133.9,1136.1,1123.7,1126.6,9729,1131.9914585260562
2023-10-06,1122.3,1142.1,1120.2,1139.9,7822,1126.093952953209
2023-10-09,1136.2,1147.7,1132.6,1143.2,9451,1138.9176700878215
2023-10-10,1155.3,1161.5,1153.9,1155.3,9189,1158.994286647078
2023-10-11,1156.7,1164.0,1153.3,1162.2,6696,1158.260528673835
2023-10-12,1168.2,1168.9,1158.2,1161.7,8861,1165.76934883196
2023-10-13,1155.8,1163.7,1146.3,1163.0,8043,1152.6870322019147
2023-10-16,1159.8,1159.8,1143.6,1148.4,8565,1154.0359486281377
2023-10-17,1151.2,1158.8,1146.2,1147.0,8137,1153.0377534717954
2023-10-18,1138.6,1142.5,1113.6,1116.5,8842,1136.6686835557566
2023-10-19,1125.0,1125.0,1111.2,1112.8,9202,1117.9447837426646
2023-10-20,1100.8,1123.0,1097.0,1121.6,8868,1104.8298037889037
2023-10-23,1116.1,1117.3,1094.2,1103.4,10054,1105.8149691665008
2023-10-24,1108.6,1121.3,1102.1,1116.6,8930,1110.8204479283315
2023-10-25,1117.0,1122.8,1111.0,1112.4,9359,1118.6938775510205
2023-10-26,1102.9,1102.9,1053.1,1066.2,11029,1071.9675673225133
2023-10-27,1061.6,1069.5,1050.3,1061.3,2861,1058.9626703949668
2023-10-30,1059.9,1066.5,1050.0,1050.0,10762,1057.9120981230255
2023-10-31,1044.0,1053.2,1037.0,1039.2,8949,1045.8588222147725
2023-11-01,1046.2,1052.0,1039.2,1047.9,9216,1044.9182074652776
2023-11-02,1057.3,1084.7,1054.9,1082.4,9497,1064.2777192797726
2023-11-03,1092.3,1094.5,1084.7,1091.0,9397,1088.8641374906886
2023-11-06,1095.7,1104.8,1095.5,1100.6,11536,1101.0053051317614
2023-11-07,1102.2,1102.8,1094.1,1095.3,9006,1098.222618254497
2023-11-08,1094.7,1136.6,1086.5,1134.5,10857,1095.572883853735
2023-11-09,1136.2,1138.9,1123.6,1126.7,10856,1133.0178518791452
2023-11-10,1115.1,1123.8,1106.7,1109.4,10369,1113.6998264056322
2023-11-13,1109.7,1116.2,1100.2,1104.0,8991,1110.6830385941496
2023-11-14,1115.1,1123.1,1110.2,1115.4,9850,1117.6294111675127
2023-11-15,1141.6,1150.4,1133.5,1135.3,9599,1143.787092405459
2023-11-16,1129.2,1132.8,1122.7,1125.0,7131,1128.4136446501193
2023-11-17,1141.8,1141.8,1095.9,1115.8,9722,1126.2200781732154
2023-11-20,1082.1,1117.0,1081.0,1103.5,9165,1097.247834151664
2023-11-21,1108.1,1112.5,1101.1,1107.3,8824,1106.637511332729
2023-11-22,1111.8,1114.9,1096.8,1111.0,8238,1107.9650643360037
2023-11-23,1118.1,1118.1,1085.0,1085.0,8954,1109.957449184722
2023-11-24,1082.7,1085.9,1067.2,1083.4,10135,1080.2703305377406
2023-11-27,1084.1,1085.0,1076.2,1076.9,9134,1081.5096781256843
2023-11-28,1076.9,1091.5,1068.5,1090.2,7513,1074.7347930254225
2023-11-29,1087.1,1098.7,1087.1,1093.8,8449,1091.643070185821
2023-11-30,1091.0,1098.3,1081.3,1081.3,7929,1092.6057258166227
2023-12-01,1081.0,1094.7,1077.8,1089.5,7540,1083.5805835543765
2023-12-04,1096.8,1115.0,1094.6,1106.9,10339,1104.0581294129026
2023-12-05,1106.0,1108.4,1096.6,1097.6,9969,1103.4885946433947
2023-12-06,1103.1,1111.3,1101.2,1108.3,8993,1104.879461803625
2023-12-07,1109.2,1118.0,1097.7,1110.5,12073,1104.7097407438084
2023-12-08,1112.2,1118.9,1109.3,1114.1,9585,1114.095054773083
2023-12-11,1115.7,1119.4,1112.5,1118.0,8323,1115.0612159077257
2023-12-12,1121.7,1122.6,1113.2,1118.5,7240,1117.3207044198896
2023-12-13,1122.8,1123.1,1106.5,1108.1,9378,1117.9453188313073
2023-12-14,1113.0,1113.3,1103.4,1106.0,7494,1110.1860955431011
2023-12-15,1105.2,1108.5,1097.5,1098.9,8945,1104.507266629402
2023-12-18,1097.6,1099.5,1082.2,1083.1,10130,1092.3147285291213
2023-12-19,1082.8,1089.1,1078.3,1088.3,9013,1082.877665594142
2023-12-20,1092.4,1097.2,1090.4,1095.0,7854,1092.4149605296664
2023-12-21,1093.7,1095.9,1089.0,1094.6,7968,1092.4567269076304
2023-12-22,1099.9,1099.9,1093.3,1097.7,7941,1096.1392897619946
2023-12-25,1096.5,1119.2,1096.5,1115.3,9111,1111.9965975194818
2023-12-26,1115.1,1118.9,1113.4,1117.2,7343,1115.715061963775
2023-12-27,1121.8,1126.2,1118.0,1118.0,7477,1123.0540056172263
2023-12-28,1118.2,1135.0,1117.1,1129.9,7376,1123.796922451193
2023-12-29,1133.6,1139.5,1130.9,1133.9,8830,1134.6560249150623
